"ID","Handle","Command","Title","Body HTML","Sort Order","Template Suffix","Updated At","Published","Published At","Published Scope","Image Src","Image Width","Image Height","Image Alt Text","Row #","Top Row","Must Match","Rule: Product Column","Rule: Relation","Rule: Condition","Product: ID","Product: Handle","Product: Position","Products Count","Metafield: title_tag [string]","Metafield: description_tag [string]","Metafield: cql.seo_collection_heading [single_line_text_field]","Metafield: cql.seo_collection_description [multi_line_text_field]","Metafield: cql.faq_group [metaobject_reference]","Metafield: custom.ugc_gallery [metaobject_reference]","Metafield: custom.feature_diagram [metaobject_reference]","Metafield: cql.collection_tagline_text [single_line_text_field]","Metafield: cql.collection_tagline_link [link]","Metafield: seo.hidden [number_integer]"
"298574643383","womens","MERGE","Women's Insoles","<p style=""text-align: left;""><span>Elevate your comfort with Superfeet women’s insoles, tailored to fit a variety of women’s footwear. These insoles offer exceptional arch support, cushioning, and shock absorption, making them ideal for everything from daily wear to athletic activities. Superfeet women’s insoles help reduce foot pain and fatigue, providing lasting comfort and support. Whether you’re at work, at the gym, or on the go, these insoles ensure your feet stay comfortable and supported. </span></p>","Best Selling","","2025-10-16 07:17:26 -0400","true","2024-07-30 09:59:12 -0400","web","","","","","1","true","all conditions","Tag","Equals","WOMEN'S","7793262133431","all-purpose-support-high-arch","","44","Shop Women's Insoles & Shoe Inserts","Superfeet women’s insoles help reduce foot pain and fatigue, providing lasting comfort and support. Shop now to find your perfect pair and experience the superior comfort of Superfeet women’s insoles. ","","","","","","Not Sure Where to Start?","{""text"":""Take the Insole Finder Quiz"",""url"":""https:/pages/insole-finder""}",""
"298574643383","womens","MERGE","Women's Insoles","","Best Selling","","2025-10-16 07:17:26 -0400","true","2024-07-30 09:59:12 -0400","web","","","","","2","","","","","","7793262198967","all-purpose-high-impact-support","","44","","","","","","","","","",""
"298574643383","womens","MERGE","Women's Insoles","","Best Selling","","2025-10-16 07:17:26 -0400","true","2024-07-30 09:59:12 -0400","web","","","","","3","","","","","","7793262362807","all-purpose-support-medium-arch","","44","","","","","","","","","",""
"298574643383","womens","MERGE","Women's Insoles","","Best Selling","","2025-10-16 07:17:26 -0400","true","2024-07-30 09:59:12 -0400","web","","","","","4","","","","","","7793262461111","all-purpose-womens-high-impact-support","","44","","","","","","","","","",""
"298574643383","womens","MERGE","Women's Insoles","","Best Selling","","2025-10-16 07:17:26 -0400","true","2024-07-30 09:59:12 -0400","web","","","","","5","","","","","","7793262592183","casual-pain-relief","","44","","","","","","","","","",""
"298574643383","womens","MERGE","Women's Insoles","","Best Selling","","2025-10-16 07:17:26 -0400","true","2024-07-30 09:59:12 -0400","web","","","","","6","","","","","","7793263313079","run-pain-relief","","44","","","","","","","","","",""
"298574643383","womens","MERGE","Women's Insoles","","Best Selling","","2025-10-16 07:17:26 -0400","true","2024-07-30 09:59:12 -0400","web","","","","","7","","","","","","7793262100663","all-purpose-cushion","","44","","","","","","","","","",""
"298574643383","womens","MERGE","Women's Insoles","","Best Selling","","2025-10-16 07:17:26 -0400","true","2024-07-30 09:59:12 -0400","web","","","","","8","","","","","","7793262330039","all-purpose-support-low-arch","","44","","","","","","","","","",""
"298574643383","womens","MERGE","Women's Insoles","","Best Selling","","2025-10-16 07:17:26 -0400","true","2024-07-30 09:59:12 -0400","web","","","","","9","","","","","","7793262952631","hike-cushion","","44","","","","","","","","","",""
"298574643383","womens","MERGE","Women's Insoles","","Best Selling","","2025-10-16 07:17:26 -0400","true","2024-07-30 09:59:12 -0400","web","","","","","10","","","","","","7793263509687","run-womens-support","","44","","","","","","","","","",""
"298574643383","womens","MERGE","Women's Insoles","","Best Selling","","2025-10-16 07:17:26 -0400","true","2024-07-30 09:59:12 -0400","web","","","","","11","","","","","","7793263050935","hike-support","","44","","","","","","","","","",""
"298574643383","womens","MERGE","Women's Insoles","","Best Selling","","2025-10-16 07:17:26 -0400","true","2024-07-30 09:59:12 -0400","web","","","","","12","","","","","","7793262166199","all-purpose-memory-foam-support","","44","","","","","","","","","",""
"298574643383","womens","MERGE","Women's Insoles","","Best Selling","","2025-10-16 07:17:26 -0400","true","2024-07-30 09:59:12 -0400","web","","","","","13","","","","","","7793262821559","casual-womens-easyfit-r","","44","","","","","","","","","",""
"298574643383","womens","MERGE","Women's Insoles","","Best Selling","","2025-10-16 07:17:26 -0400","true","2024-07-30 09:59:12 -0400","web","","","","","14","","","","","","14697799221615","run-support-low-arch-new","","44","","","","","","","","","",""
"298574643383","womens","MERGE","Women's Insoles","","Best Selling","","2025-10-16 07:17:26 -0400","true","2024-07-30 09:59:12 -0400","web","","","","","15","","","","","","7793262395575","all-purpose-wide-fit-support","","44","","","","","","","","","",""
"298574643383","womens","MERGE","Women's Insoles","","Best Selling","","2025-10-16 07:17:26 -0400","true","2024-07-30 09:59:12 -0400","web","","","","","16","","","","","","7793262624951","casual-support","","44","","","","","","","","","",""
"298574643383","womens","MERGE","Women's Insoles","","Best Selling","","2025-10-16 07:17:26 -0400","true","2024-07-30 09:59:12 -0400","web","","","","","17","","","","","","7793263018167","hike-womens-support","","44","","","","","","","","","",""
"298574643383","womens","MERGE","Women's Insoles","","Best Selling","","2025-10-16 07:17:26 -0400","true","2024-07-30 09:59:12 -0400","web","","","","","18","","","","","","14697814163823","run-support-high-arch-new","","44","","","","","","","","","",""
"298574643383","womens","MERGE","Women's Insoles","","Best Selling","","2025-10-16 07:17:26 -0400","true","2024-07-30 09:59:12 -0400","web","","","","","19","","","","","","7793263607991","winter-support","","44","","","","","","","","","",""
"298574643383","womens","MERGE","Women's Insoles","","Best Selling","","2025-10-16 07:17:26 -0400","true","2024-07-30 09:59:12 -0400","web","","","","","20","","","","","","14697813934447","run-support-medium-arch-new","","44","","","","","","","","","",""
"298574643383","womens","MERGE","Women's Insoles","","Best Selling","","2025-10-16 07:17:26 -0400","true","2024-07-30 09:59:12 -0400","web","","","","","21","","","","","","7793263116471","hockey-performance","","44","","","","","","","","","",""
"298574643383","womens","MERGE","Women's Insoles","","Best Selling","","2025-10-16 07:17:26 -0400","true","2024-07-30 09:59:12 -0400","web","","","","","22","","","","","","7793263083703","hockey-cushion","","44","","","","","","","","","",""
"298574643383","womens","MERGE","Women's Insoles","","Best Selling","","2025-10-16 07:17:26 -0400","true","2024-07-30 09:59:12 -0400","web","","","","","23","","","","","","7793263640759","winter-thin-support","","44","","","","","","","","","",""
"298574643383","womens","MERGE","Women's Insoles","","Best Selling","","2025-10-16 07:17:26 -0400","true","2024-07-30 09:59:12 -0400","web","","","","","24","","","","","","7793262559415","casual-easyfit-r-high-heel","","44","","","","","","","","","",""
"298574643383","womens","MERGE","Women's Insoles","","Best Selling","","2025-10-16 07:17:26 -0400","true","2024-07-30 09:59:12 -0400","web","","","","","25","","","","","","14784728203631","sport-ultralight","","44","","","","","","","","","",""
"298574643383","womens","MERGE","Women's Insoles","","Best Selling","","2025-10-16 07:17:26 -0400","true","2024-07-30 09:59:12 -0400","web","","","","","26","","","","","","14702318354799","ap-support-high-arch-2-pack-multipack","","44","","","","","","","","","",""
"298574643383","womens","MERGE","Women's Insoles","","Best Selling","","2025-10-16 07:17:26 -0400","true","2024-07-30 09:59:12 -0400","web","","","","","27","","","","","","14702618378607","work-cushion-2-pack-multipack","","44","","","","","","","","","",""
"298574643383","womens","MERGE","Women's Insoles","","Best Selling","","2025-10-16 07:17:26 -0400","true","2024-07-30 09:59:12 -0400","web","","","","","28","","","","","","14702587773295","best-sellers-bundle","","44","","","","","","","","","",""
"298574643383","womens","MERGE","Women's Insoles","","Best Selling","","2025-10-16 07:17:26 -0400","true","2024-07-30 09:59:12 -0400","web","","","","","29","","","","","","14775606542703","work-memory-foam","","44","","","","","","","","","",""
"298574643383","womens","MERGE","Women's Insoles","","Best Selling","","2025-10-16 07:17:26 -0400","true","2024-07-30 09:59:12 -0400","web","","","","","30","","","","","","14797853327727","run-pacer-elite","","44","","","","","","","","","",""
"298574643383","womens","MERGE","Women's Insoles","","Best Selling","","2025-10-16 07:17:26 -0400","true","2024-07-30 09:59:12 -0400","web","","","","","31","","","","","","14702561198447","ap-support-high-arch-3-pack-multipack","","44","","","","","","","","","",""
"298574643383","womens","MERGE","Women's Insoles","","Best Selling","","2025-10-16 07:17:26 -0400","true","2024-07-30 09:59:12 -0400","web","","","","","32","","","","","","14703642935663","work-hard-play-hard-pack","","44","","","","","","","","","",""
"298574643383","womens","MERGE","Women's Insoles","","Best Selling","","2025-10-16 07:17:26 -0400","true","2024-07-30 09:59:12 -0400","web","","","","","33","","","","","","14782039196015","hike-cushion-2-pack","","44","","","","","","","","","",""
"298574643383","womens","MERGE","Women's Insoles","","Best Selling","","2025-10-16 07:17:26 -0400","true","2024-07-30 09:59:12 -0400","web","","","","","34","","","","","","14782034837871","pain-relief-bundle","","44","","","","","","","","","",""
"298574643383","womens","MERGE","Women's Insoles","","Best Selling","","2025-10-16 07:17:26 -0400","true","2024-07-30 09:59:12 -0400","web","","","","","35","","","","","","14782022615407","run-pain-relief-2-pack","","44","","","","","","","","","",""
"298574643383","womens","MERGE","Women's Insoles","","Best Selling","","2025-10-16 07:17:26 -0400","true","2024-07-30 09:59:12 -0400","web","","","","","36","","","","","","14782030348655","casual-pain-relief-2-pack","","44","","","","","","","","","",""
"298574643383","womens","MERGE","Women's Insoles","","Best Selling","","2025-10-16 07:17:26 -0400","true","2024-07-30 09:59:12 -0400","web","","","","","37","","","","","","14703670853999","running-starter-pack","","44","","","","","","","","","",""
"298574643383","womens","MERGE","Women's Insoles","","Best Selling","","2025-10-16 07:17:26 -0400","true","2024-07-30 09:59:12 -0400","web","","","","","38","","","","","","14782008689007","all-purpose-high-impact-support-2-pack","","44","","","","","","","","","",""
"298574643383","womens","MERGE","Women's Insoles","","Best Selling","","2025-10-16 07:17:26 -0400","true","2024-07-30 09:59:12 -0400","web","","","","","39","","","","","","14703668396399","commuter-essentials-pack","","44","","","","","","","","","",""
"298574643383","womens","MERGE","Women's Insoles","","Best Selling","","2025-10-16 07:17:26 -0400","true","2024-07-30 09:59:12 -0400","web","","","","","40","","","","","","14782003183983","all-purpose-support-high-arch-4-pack","","44","","","","","","","","","",""
"298574643383","womens","MERGE","Women's Insoles","","Best Selling","","2025-10-16 07:17:26 -0400","true","2024-07-30 09:59:12 -0400","web","","","","","41","","","","","","14782010851695","all-purpose-high-impact-support-3-pack","","44","","","","","","","","","",""
"298574643383","womens","MERGE","Women's Insoles","","Best Selling","","2025-10-16 07:17:26 -0400","true","2024-07-30 09:59:12 -0400","web","","","","","42","","","","","","14782039261551","hockey-performance-2-pack","","44","","","","","","","","","",""
"298574643383","womens","MERGE","Women's Insoles","","Best Selling","","2025-10-16 07:17:26 -0400","true","2024-07-30 09:59:12 -0400","web","","","","","43","","","","","","7793263247543","me3d-max","","44","","","","","","","","","",""
"298574643383","womens","MERGE","Women's Insoles","","Best Selling","","2025-10-16 07:17:26 -0400","true","2024-07-30 09:59:12 -0400","web","","","","","44","","","","","","7793263182007","me3d","","44","","","","","","","","","",""
"298639589559","all","MERGE","All","<p style=""text-align: left;"">Discover the full range of Superfeet insoles, designed to provide unparalleled comfort and support for every activity. From everyday wear to high-performance sports, our insoles offer superior arch support, cushioning, and stability. Whether you need relief from foot pain, enhanced performance, or all-day comfort, Superfeet has the perfect solution. Explore our top-rated shoe inserts and orthotic supports, trusted by athletes and professionals alike. Shop now to find the ideal fit and experience the difference with Superfeet insoles.</p>","Best Selling","","2025-10-16 07:17:26 -0400","true","2024-08-01 15:16:30 -0400","web","","","","","45","true","all conditions","Tag","Equals","ALL INSOLES","7793262133431","all-purpose-support-high-arch","","50","Shop Superfeet Insoles & Orthotic Shoe Inserts","Discover the full range of Superfeet insoles for unparalleled comfort and support. Perfect for every activity. Shop now to find your ideal fit and experience the difference!","","","","","","Not Sure Where to Start?","{""text"":""Take the Insole Finder Quiz"",""url"":""https:/pages/insole-finder""}",""
"298639589559","all","MERGE","All","","Best Selling","","2025-10-16 07:17:26 -0400","true","2024-08-01 15:16:30 -0400","web","","","","","46","","","Variant Price","Not Equals","44.99","7793262198967","all-purpose-high-impact-support","","50","","","","","","","","","",""
"298639589559","all","MERGE","All","","Best Selling","","2025-10-16 07:17:26 -0400","true","2024-08-01 15:16:30 -0400","web","","","","","47","","","","","","7793262362807","all-purpose-support-medium-arch","","50","","","","","","","","","",""
"298639589559","all","MERGE","All","","Best Selling","","2025-10-16 07:17:26 -0400","true","2024-08-01 15:16:30 -0400","web","","","","","48","","","","","","7793262461111","all-purpose-womens-high-impact-support","","50","","","","","","","","","",""
"298639589559","all","MERGE","All","","Best Selling","","2025-10-16 07:17:26 -0400","true","2024-08-01 15:16:30 -0400","web","","","","","49","","","","","","7793262592183","casual-pain-relief","","50","","","","","","","","","",""
"298639589559","all","MERGE","All","","Best Selling","","2025-10-16 07:17:26 -0400","true","2024-08-01 15:16:30 -0400","web","","","","","50","","","","","","7793263673527","work-cushion","","50","","","","","","","","","",""
"298639589559","all","MERGE","All","","Best Selling","","2025-10-16 07:17:26 -0400","true","2024-08-01 15:16:30 -0400","web","","","","","51","","","","","","7793263313079","run-pain-relief","","50","","","","","","","","","",""
"298639589559","all","MERGE","All","","Best Selling","","2025-10-16 07:17:26 -0400","true","2024-08-01 15:16:30 -0400","web","","","","","52","","","","","","7793262100663","all-purpose-cushion","","50","","","","","","","","","",""
"298639589559","all","MERGE","All","","Best Selling","","2025-10-16 07:17:26 -0400","true","2024-08-01 15:16:30 -0400","web","","","","","53","","","","","","7793306206391","run-cushion-high-arch","","50","","","","","","","","","",""
"298639589559","all","MERGE","All","","Best Selling","","2025-10-16 07:17:26 -0400","true","2024-08-01 15:16:30 -0400","web","","","","","54","","","","","","7793262330039","all-purpose-support-low-arch","","50","","","","","","","","","",""
"298639589559","all","MERGE","All","","Best Selling","","2025-10-16 07:17:26 -0400","true","2024-08-01 15:16:30 -0400","web","","","","","55","","","","","","7793306239159","run-cushion-low-arch","","50","","","","","","","","","",""
"298639589559","all","MERGE","All","","Best Selling","","2025-10-16 07:17:26 -0400","true","2024-08-01 15:16:30 -0400","web","","","","","56","","","","","","7793263345847","run-cushion-medium-arch","","50","","","","","","","","","",""
"298639589559","all","MERGE","All","","Best Selling","","2025-10-16 07:17:26 -0400","true","2024-08-01 15:16:30 -0400","web","","","","","57","","","","","","7793262952631","hike-cushion","","50","","","","","","","","","",""
"298639589559","all","MERGE","All","","Best Selling","","2025-10-16 07:17:26 -0400","true","2024-08-01 15:16:30 -0400","web","","","","","58","","","","","","7793263509687","run-womens-support","","50","","","","","","","","","",""
"298639589559","all","MERGE","All","","Best Selling","","2025-10-16 07:17:26 -0400","true","2024-08-01 15:16:30 -0400","web","","","","","59","","","","","","7793263050935","hike-support","","50","","","","","","","","","",""
"298639589559","all","MERGE","All","","Best Selling","","2025-10-16 07:17:26 -0400","true","2024-08-01 15:16:30 -0400","web","","","","","60","","","","","","7793262166199","all-purpose-memory-foam-support","","50","","","","","","","","","",""
"298639589559","all","MERGE","All","","Best Selling","","2025-10-16 07:17:26 -0400","true","2024-08-01 15:16:30 -0400","web","","","","","61","","","","","","7793262821559","casual-womens-easyfit-r","","50","","","","","","","","","",""
"298639589559","all","MERGE","All","","Best Selling","","2025-10-16 07:17:26 -0400","true","2024-08-01 15:16:30 -0400","web","","","","","62","","","","","","14697799221615","run-support-low-arch-new","","50","","","","","","","","","",""
"298639589559","all","MERGE","All","","Best Selling","","2025-10-16 07:17:26 -0400","true","2024-08-01 15:16:30 -0400","web","","","","","63","","","","","","7793262395575","all-purpose-wide-fit-support","","50","","","","","","","","","",""
"298639589559","all","MERGE","All","","Best Selling","","2025-10-16 07:17:26 -0400","true","2024-08-01 15:16:30 -0400","web","","","","","64","","","","","","7793262624951","casual-support","","50","","","","","","","","","",""
"298639589559","all","MERGE","All","","Best Selling","","2025-10-16 07:17:26 -0400","true","2024-08-01 15:16:30 -0400","web","","","","","65","","","","","","7793262526647","casual-mens-easyfit-r","","50","","","","","","","","","",""
"298639589559","all","MERGE","All","","Best Selling","","2025-10-16 07:17:26 -0400","true","2024-08-01 15:16:30 -0400","web","","","","","66","","","","","","7793263018167","hike-womens-support","","50","","","","","","","","","",""
"298639589559","all","MERGE","All","","Best Selling","","2025-10-16 07:17:26 -0400","true","2024-08-01 15:16:30 -0400","web","","","","","67","","","","","","14697814163823","run-support-high-arch-new","","50","","","","","","","","","",""
"298639589559","all","MERGE","All","","Best Selling","","2025-10-16 07:17:26 -0400","true","2024-08-01 15:16:30 -0400","web","","","","","68","","","","","","7793263607991","winter-support","","50","","","","","","","","","",""
"298639589559","all","MERGE","All","","Best Selling","","2025-10-16 07:17:26 -0400","true","2024-08-01 15:16:30 -0400","web","","","","","69","","","","","","7793263739063","work-slim-fit-cushion","","50","","","","","","","","","",""
"298639589559","all","MERGE","All","","Best Selling","","2025-10-16 07:17:26 -0400","true","2024-08-01 15:16:30 -0400","web","","","","","70","","","","","","14697813934447","run-support-medium-arch-new","","50","","","","","","","","","",""
"298639589559","all","MERGE","All","","Best Selling","","2025-10-16 07:17:26 -0400","true","2024-08-01 15:16:30 -0400","web","","","","","71","","","","","","7793263116471","hockey-performance","","50","","","","","","","","","",""
"298639589559","all","MERGE","All","","Best Selling","","2025-10-16 07:17:26 -0400","true","2024-08-01 15:16:30 -0400","web","","","","","72","","","","","","7793263083703","hockey-cushion","","50","","","","","","","","","",""
"298639589559","all","MERGE","All","","Best Selling","","2025-10-16 07:17:26 -0400","true","2024-08-01 15:16:30 -0400","web","","","","","73","","","","","","7793263640759","winter-thin-support","","50","","","","","","","","","",""
"298639589559","all","MERGE","All","","Best Selling","","2025-10-16 07:17:26 -0400","true","2024-08-01 15:16:30 -0400","web","","","","","74","","","","","","7793262559415","casual-easyfit-r-high-heel","","50","","","","","","","","","",""
"298639589559","all","MERGE","All","","Best Selling","","2025-10-16 07:17:26 -0400","true","2024-08-01 15:16:30 -0400","web","","","","","75","","","","","","14784728203631","sport-ultralight","","50","","","","","","","","","",""
"298639589559","all","MERGE","All","","Best Selling","","2025-10-16 07:17:26 -0400","true","2024-08-01 15:16:30 -0400","web","","","","","76","","","","","","14702318354799","ap-support-high-arch-2-pack-multipack","","50","","","","","","","","","",""
"298639589559","all","MERGE","All","","Best Selling","","2025-10-16 07:17:26 -0400","true","2024-08-01 15:16:30 -0400","web","","","","","77","","","","","","14702618378607","work-cushion-2-pack-multipack","","50","","","","","","","","","",""
"298639589559","all","MERGE","All","","Best Selling","","2025-10-16 07:17:26 -0400","true","2024-08-01 15:16:30 -0400","web","","","","","78","","","","","","14702587773295","best-sellers-bundle","","50","","","","","","","","","",""
"298639589559","all","MERGE","All","","Best Selling","","2025-10-16 07:17:26 -0400","true","2024-08-01 15:16:30 -0400","web","","","","","79","","","","","","14775606542703","work-memory-foam","","50","","","","","","","","","",""
"298639589559","all","MERGE","All","","Best Selling","","2025-10-16 07:17:26 -0400","true","2024-08-01 15:16:30 -0400","web","","","","","80","","","","","","14797853327727","run-pacer-elite","","50","","","","","","","","","",""
"298639589559","all","MERGE","All","","Best Selling","","2025-10-16 07:17:26 -0400","true","2024-08-01 15:16:30 -0400","web","","","","","81","","","","","","14702561198447","ap-support-high-arch-3-pack-multipack","","50","","","","","","","","","",""
"298639589559","all","MERGE","All","","Best Selling","","2025-10-16 07:17:26 -0400","true","2024-08-01 15:16:30 -0400","web","","","","","82","","","","","","14703642935663","work-hard-play-hard-pack","","50","","","","","","","","","",""
"298639589559","all","MERGE","All","","Best Selling","","2025-10-16 07:17:26 -0400","true","2024-08-01 15:16:30 -0400","web","","","","","83","","","","","","14782039196015","hike-cushion-2-pack","","50","","","","","","","","","",""
"298639589559","all","MERGE","All","","Best Selling","","2025-10-16 07:17:26 -0400","true","2024-08-01 15:16:30 -0400","web","","","","","84","","","","","","14782034837871","pain-relief-bundle","","50","","","","","","","","","",""
"298639589559","all","MERGE","All","","Best Selling","","2025-10-16 07:17:26 -0400","true","2024-08-01 15:16:30 -0400","web","","","","","85","","","","","","14782022615407","run-pain-relief-2-pack","","50","","","","","","","","","",""
"298639589559","all","MERGE","All","","Best Selling","","2025-10-16 07:17:26 -0400","true","2024-08-01 15:16:30 -0400","web","","","","","86","","","","","","14782030348655","casual-pain-relief-2-pack","","50","","","","","","","","","",""
"298639589559","all","MERGE","All","","Best Selling","","2025-10-16 07:17:26 -0400","true","2024-08-01 15:16:30 -0400","web","","","","","87","","","","","","14703670853999","running-starter-pack","","50","","","","","","","","","",""
"298639589559","all","MERGE","All","","Best Selling","","2025-10-16 07:17:26 -0400","true","2024-08-01 15:16:30 -0400","web","","","","","88","","","","","","14782008689007","all-purpose-high-impact-support-2-pack","","50","","","","","","","","","",""
"298639589559","all","MERGE","All","","Best Selling","","2025-10-16 07:17:26 -0400","true","2024-08-01 15:16:30 -0400","web","","","","","89","","","","","","14703668396399","commuter-essentials-pack","","50","","","","","","","","","",""
"298639589559","all","MERGE","All","","Best Selling","","2025-10-16 07:17:26 -0400","true","2024-08-01 15:16:30 -0400","web","","","","","90","","","","","","14782003183983","all-purpose-support-high-arch-4-pack","","50","","","","","","","","","",""
"298639589559","all","MERGE","All","","Best Selling","","2025-10-16 07:17:26 -0400","true","2024-08-01 15:16:30 -0400","web","","","","","91","","","","","","14782010851695","all-purpose-high-impact-support-3-pack","","50","","","","","","","","","",""
"298639589559","all","MERGE","All","","Best Selling","","2025-10-16 07:17:26 -0400","true","2024-08-01 15:16:30 -0400","web","","","","","92","","","","","","14782039261551","hockey-performance-2-pack","","50","","","","","","","","","",""
"298639589559","all","MERGE","All","","Best Selling","","2025-10-16 07:17:26 -0400","true","2024-08-01 15:16:30 -0400","web","","","","","93","","","","","","7793263247543","me3d-max","","50","","","","","","","","","",""
"298639589559","all","MERGE","All","","Best Selling","","2025-10-16 07:17:26 -0400","true","2024-08-01 15:16:30 -0400","web","","","","","94","","","","","","7793263182007","me3d","","50","","","","","","","","","",""
"299015864503","running","MERGE","Running Insoles","<p style=""text-align: left;""><span>Elevate your running experience and delivery quality for each foot with Superfeet premium running insoles. Superfeet insoles are engineered to enhance foot stability, absorb shock, and reduce fatigue for both casual joggers and marathon enthusiasts. Every foot is unique, and so is every run. Superfeet's range of insoles caters to different arch types and running styles, ensuring a custom-like fit for peak performance and comfort.</span><span><strong></strong></span></p>","Manual","tier-2-collection","2025-10-16 07:17:26 -0400","true","2024-08-14 14:14:00 -0400","web","","","","","95","true","any condition","Tag","Equals","RUNNING","14797853327727","run-pacer-elite","1","11","Shop Running Insoles & Shoe Inserts","Elevate your running experience with Superfeet premium running insoles and transform your run from the ground up. Check out the full selection from the foot care experts at Superfeet. Shop Superfeet insoles and inserts now!","","","faq_group.running-insoles-faq","ugc_galleries.running-ugc","product_feature_groups.running","Not Sure Where to Start?","{""text"":""Take the Insole Finder Quiz"",""url"":""https://www.superfeet.com/pages/insole-finder""}",""
"299015864503","running","MERGE","Running Insoles","","Manual","tier-2-collection","2025-10-16 07:17:26 -0400","true","2024-08-14 14:14:00 -0400","web","","","","","96","","","Metafield: cql.target_use_activity","Equals","Running/Walking","7793263313079","run-pain-relief","2","11","","","","","","","","","",""
"299015864503","running","MERGE","Running Insoles","","Manual","tier-2-collection","2025-10-16 07:17:26 -0400","true","2024-08-14 14:14:00 -0400","web","","","","","97","","","","","","7793306206391","run-cushion-high-arch","3","11","","","","","","","","","",""
"299015864503","running","MERGE","Running Insoles","","Manual","tier-2-collection","2025-10-16 07:17:26 -0400","true","2024-08-14 14:14:00 -0400","web","","","","","98","","","","","","7793306239159","run-cushion-low-arch","4","11","","","","","","","","","",""
"299015864503","running","MERGE","Running Insoles","","Manual","tier-2-collection","2025-10-16 07:17:26 -0400","true","2024-08-14 14:14:00 -0400","web","","","","","99","","","","","","7793263345847","run-cushion-medium-arch","5","11","","","","","","","","","",""
"299015864503","running","MERGE","Running Insoles","","Manual","tier-2-collection","2025-10-16 07:17:26 -0400","true","2024-08-14 14:14:00 -0400","web","","","","","100","","","","","","7793263509687","run-womens-support","6","11","","","","","","","","","",""
"299015864503","running","MERGE","Running Insoles","","Manual","tier-2-collection","2025-10-16 07:17:26 -0400","true","2024-08-14 14:14:00 -0400","web","","","","","101","","","","","","14697799221615","run-support-low-arch-new","7","11","","","","","","","","","",""
"299015864503","running","MERGE","Running Insoles","","Manual","tier-2-collection","2025-10-16 07:17:26 -0400","true","2024-08-14 14:14:00 -0400","web","","","","","102","","","","","","14697814163823","run-support-high-arch-new","8","11","","","","","","","","","",""
"299015864503","running","MERGE","Running Insoles","","Manual","tier-2-collection","2025-10-16 07:17:26 -0400","true","2024-08-14 14:14:00 -0400","web","","","","","103","","","","","","14697813934447","run-support-medium-arch-new","9","11","","","","","","","","","",""
"299015864503","running","MERGE","Running Insoles","","Manual","tier-2-collection","2025-10-16 07:17:26 -0400","true","2024-08-14 14:14:00 -0400","web","","","","","104","","","","","","14703670853999","running-starter-pack","10","11","","","","","","","","","",""
"299015864503","running","MERGE","Running Insoles","","Manual","tier-2-collection","2025-10-16 07:17:26 -0400","true","2024-08-14 14:14:00 -0400","web","","","","","105","","","","","","14782022615407","run-pain-relief-2-pack","11","11","","","","","","","","","",""
"299179442359","hiking","MERGE","Hiking Insoles","<p style=""text-align: left;""><span>Your hiking boots can handle any adventure and now your feet can too. Add Superfeet hiking insoles to your boots for stabilizing support and premium cushioning that fights fatigue, prevents blisters, and reduces strain on your joints and back, for epic exploring wherever the trails may lead. Shop now and experience the difference with Superfeet.</span></p>","Best Selling","hiking-collection","2025-10-16 07:17:26 -0400","true","2024-08-20 16:25:17 -0400","web","","","","","106","true","any condition","Tag","Equals","HIKING","7793262952631","hike-cushion","","4","Shop Hiking Insoles & Shoe Inserts","Superfeet hiking insoles offer durable support, fight fatigue, and keep you adventuring longer. Experience the difference with Superfeet Hiking Insoles. Shop now!","","","faq_group.hiking-insole-faq","","product_feature_groups.hiking","Not Sure Where to Start?","{""text"":""Take the Insole Finder Quiz"",""url"":""https:/pages/insole-finder""}",""
"299179442359","hiking","MERGE","Hiking Insoles","","Best Selling","hiking-collection","2025-10-16 07:17:26 -0400","true","2024-08-20 16:25:17 -0400","web","","","","","107","","","Metafield: cql.target_use_activity","Equals","Hiking","7793263050935","hike-support","","4","","","","","","","","","",""
"299179442359","hiking","MERGE","Hiking Insoles","","Best Selling","hiking-collection","2025-10-16 07:17:26 -0400","true","2024-08-20 16:25:17 -0400","web","","","","","108","","","","","","7793263018167","hike-womens-support","","4","","","","","","","","","",""
"299179442359","hiking","MERGE","Hiking Insoles","","Best Selling","hiking-collection","2025-10-16 07:17:26 -0400","true","2024-08-20 16:25:17 -0400","web","","","","","109","","","","","","14782039196015","hike-cushion-2-pack","","4","","","","","","","","","",""
"299199660215","snow-sports","MERGE","Ski & Snowboard Insoles","<p style=""text-align: left;""><span>Stay warm and comfortable in cold weather with Superfeet Winter insoles, designed to provide exceptional support and insulation for your feet. These insoles feature a thermal top cover and advanced cushioning to help your feet perform at their best during winter activities like skiing and snowboarding. With superior arch support and shock absorption, Superfeet winter insoles help reduce foot fatigue and improve stability on the slopes. Upgrade your ski and snowboard boots with insoles that offer both warmth and performance. </span></p>","Best Selling","ski-snowboard-collection","2025-10-16 07:17:26 -0400","true","2024-08-21 08:04:24 -0400","web","","","","","110","true","all conditions","Tag","Equals","WINTER","7793263607991","winter-support","","2","Shop Snow Insoles & Shoe Inserts","Upgrade your ski and snowboard boots with insoles that offer both warmth and performance. Shop now to enjoy the ultimate winter comfort with Superfeet Winter insoles!","","","faq_group.insole-faq","ugc_galleries.winter-ugc","product_feature_groups.winter-sports","Not Sure Where to Start?","{""text"":""Take the Insole Finder Quiz"",""url"":""https:/pages/insole-finder""}",""
"299199660215","snow-sports","MERGE","Ski & Snowboard Insoles","","Best Selling","ski-snowboard-collection","2025-10-16 07:17:26 -0400","true","2024-08-21 08:04:24 -0400","web","","","","","111","","","","","","7793263640759","winter-thin-support","","2","","","","","","","","","",""
"299199791287","pain-relief","MERGE","Pain Relief Insoles","<p style=""text-align: left;""><span>Alleviate foot pain and get back to doing what you love with Superfeet insoles for pain relief. Designed to target and reduce common foot ailments, these insoles offer advanced cushioning, arch support, and shock absorption to help relieve discomfort from plantar fasciitis, metatarsalgia, and other conditions. The ergonomic design protects the heels and reduces strain, ensuring you stay active and pain-free throughout the day. Discover the difference with Superfeet pain relief insoles. </span><span></span></p>","Best Selling","pain-relief-collection","2025-10-16 07:17:26 -0400","true","2024-08-21 08:10:53 -0400","web","","","","","112","true","all conditions","Tag","Equals","PAIN RELIEF","7793262198967","all-purpose-high-impact-support","","9","Shop Pain Relieving Insoles & Shoe Inserts","Alleviate foot pain and get back to doing what you love with Superfeet pain relief insoles.  Shop now and take the first step toward happier, healthier feet.","","","faq_group.insole-faq","","product_feature_groups.pain-relief","Not Sure Where to Start?","{""text"":""Take the Insole Finder Quiz"",""url"":""https:/pages/insole-finder""}",""
"299199791287","pain-relief","MERGE","Pain Relief Insoles","","Best Selling","pain-relief-collection","2025-10-16 07:17:26 -0400","true","2024-08-21 08:10:53 -0400","web","","","","","113","","","","","","7793262461111","all-purpose-womens-high-impact-support","","9","","","","","","","","","",""
"299199791287","pain-relief","MERGE","Pain Relief Insoles","","Best Selling","pain-relief-collection","2025-10-16 07:17:26 -0400","true","2024-08-21 08:10:53 -0400","web","","","","","114","","","","","","7793262592183","casual-pain-relief","","9","","","","","","","","","",""
"299199791287","pain-relief","MERGE","Pain Relief Insoles","","Best Selling","pain-relief-collection","2025-10-16 07:17:26 -0400","true","2024-08-21 08:10:53 -0400","web","","","","","115","","","","","","7793263313079","run-pain-relief","","9","","","","","","","","","",""
"299199791287","pain-relief","MERGE","Pain Relief Insoles","","Best Selling","pain-relief-collection","2025-10-16 07:17:26 -0400","true","2024-08-21 08:10:53 -0400","web","","","","","116","","","","","","14782034837871","pain-relief-bundle","","9","","","","","","","","","",""
"299199791287","pain-relief","MERGE","Pain Relief Insoles","","Best Selling","pain-relief-collection","2025-10-16 07:17:26 -0400","true","2024-08-21 08:10:53 -0400","web","","","","","117","","","","","","14782022615407","run-pain-relief-2-pack","","9","","","","","","","","","",""
"299199791287","pain-relief","MERGE","Pain Relief Insoles","","Best Selling","pain-relief-collection","2025-10-16 07:17:26 -0400","true","2024-08-21 08:10:53 -0400","web","","","","","118","","","","","","14782030348655","casual-pain-relief-2-pack","","9","","","","","","","","","",""
"299199791287","pain-relief","MERGE","Pain Relief Insoles","","Best Selling","pain-relief-collection","2025-10-16 07:17:26 -0400","true","2024-08-21 08:10:53 -0400","web","","","","","119","","","","","","14782008689007","all-purpose-high-impact-support-2-pack","","9","","","","","","","","","",""
"299199791287","pain-relief","MERGE","Pain Relief Insoles","","Best Selling","pain-relief-collection","2025-10-16 07:17:26 -0400","true","2024-08-21 08:10:53 -0400","web","","","","","120","","","","","","14782010851695","all-purpose-high-impact-support-3-pack","","9","","","","","","","","","",""
"299199856823","work","MERGE","Work Insoles","<p style=""text-align: left;""><span>Enhance your workday with Superfeet Work insoles, designed for those who spend long hours on their feet. These insoles provide exceptional support, cushioning, and shock absorption to reduce fatigue and prevent foot pain, for durable comfort in demanding environments. Engineered to fit into work boots and safety shoes, Superfeet insoles offer stability and anti-fatigue cushioning, reducing the risk of injuries. Invest in your well-being with Superfeet work and safety insoles and experience the difference in every step. Shop now to boost your comfort and productivity at work.</span></p>","Manual","work-collection","2025-10-16 07:17:26 -0400","true","2024-08-21 08:12:32 -0400","web","","","","","121","true","any condition","Tag","Equals","WORK","14775606542703","work-memory-foam","1","21","Shop Work & Safety Insoles & Shoe Inserts","Superfeet Work insoles provide exceptional support, cushioning, and shock absorption for long hours on your feet. Reduce fatigue and prevent foot pain. Shop now!","","","faq_group.insole-faq","ugc_galleries.work-ugc","product_feature_groups.work","Not Sure Where to Start?","{""text"":""Take the Insole Finder Quiz"",""url"":""https:/pages/insole-finder""}",""
"299199856823","work","MERGE","Work Insoles","","Manual","work-collection","2025-10-16 07:17:26 -0400","true","2024-08-21 08:12:32 -0400","web","","","","","122","","","Metafield: cql.target_use_activity","Equals","Work/Service/Industrial","7793263739063","work-slim-fit-cushion","2","21","","","","","","","","","",""
"299199856823","work","MERGE","Work Insoles","","Manual","work-collection","2025-10-16 07:17:26 -0400","true","2024-08-21 08:12:32 -0400","web","","","","","123","","","","","","7793263673527","work-cushion","3","21","","","","","","","","","",""
"299199856823","work","MERGE","Work Insoles","","Manual","work-collection","2025-10-16 07:17:26 -0400","true","2024-08-21 08:12:32 -0400","web","","","","","124","","","","","","7793262133431","all-purpose-support-high-arch","4","21","","","","","","","","","",""
"299199856823","work","MERGE","Work Insoles","","Manual","work-collection","2025-10-16 07:17:26 -0400","true","2024-08-21 08:12:32 -0400","web","","","","","125","","","","","","7793262100663","all-purpose-cushion","5","21","","","","","","","","","",""
"299199856823","work","MERGE","Work Insoles","","Manual","work-collection","2025-10-16 07:17:26 -0400","true","2024-08-21 08:12:32 -0400","web","","","","","126","","","","","","7793262198967","all-purpose-high-impact-support","6","21","","","","","","","","","",""
"299199856823","work","MERGE","Work Insoles","","Manual","work-collection","2025-10-16 07:17:26 -0400","true","2024-08-21 08:12:32 -0400","web","","","","","127","","","","","","7793262624951","casual-support","7","21","","","","","","","","","",""
"299199856823","work","MERGE","Work Insoles","","Manual","work-collection","2025-10-16 07:17:26 -0400","true","2024-08-21 08:12:32 -0400","web","","","","","128","","","","","","7793262592183","casual-pain-relief","8","21","","","","","","","","","",""
"299199856823","work","MERGE","Work Insoles","","Manual","work-collection","2025-10-16 07:17:26 -0400","true","2024-08-21 08:12:32 -0400","web","","","","","129","","","","","","7793262461111","all-purpose-womens-high-impact-support","9","21","","","","","","","","","",""
"299199856823","work","MERGE","Work Insoles","","Manual","work-collection","2025-10-16 07:17:26 -0400","true","2024-08-21 08:12:32 -0400","web","","","","","130","","","","","","7793262395575","all-purpose-wide-fit-support","10","21","","","","","","","","","",""
"299199856823","work","MERGE","Work Insoles","","Manual","work-collection","2025-10-16 07:17:26 -0400","true","2024-08-21 08:12:32 -0400","web","","","","","131","","","","","","7793262362807","all-purpose-support-medium-arch","11","21","","","","","","","","","",""
"299199856823","work","MERGE","Work Insoles","","Manual","work-collection","2025-10-16 07:17:26 -0400","true","2024-08-21 08:12:32 -0400","web","","","","","132","","","","","","7793262330039","all-purpose-support-low-arch","12","21","","","","","","","","","",""
"299199856823","work","MERGE","Work Insoles","","Manual","work-collection","2025-10-16 07:17:26 -0400","true","2024-08-21 08:12:32 -0400","web","","","","","133","","","","","","14702618378607","work-cushion-2-pack-multipack","13","21","","","","","","","","","",""
"299199856823","work","MERGE","Work Insoles","","Manual","work-collection","2025-10-16 07:17:26 -0400","true","2024-08-21 08:12:32 -0400","web","","","","","134","","","","","","14703642935663","work-hard-play-hard-pack","14","21","","","","","","","","","",""
"299199856823","work","MERGE","Work Insoles","","Manual","work-collection","2025-10-16 07:17:26 -0400","true","2024-08-21 08:12:32 -0400","web","","","","","135","","","","","","14703668396399","commuter-essentials-pack","15","21","","","","","","","","","",""
"299199856823","work","MERGE","Work Insoles","","Manual","work-collection","2025-10-16 07:17:26 -0400","true","2024-08-21 08:12:32 -0400","web","","","","","136","","","","","","14702587773295","best-sellers-bundle","16","21","","","","","","","","","",""
"299199856823","work","MERGE","Work Insoles","","Manual","work-collection","2025-10-16 07:17:26 -0400","true","2024-08-21 08:12:32 -0400","web","","","","","137","","","","","","14702561198447","ap-support-high-arch-3-pack-multipack","17","21","","","","","","","","","",""
"299199856823","work","MERGE","Work Insoles","","Manual","work-collection","2025-10-16 07:17:26 -0400","true","2024-08-21 08:12:32 -0400","web","","","","","138","","","","","","14702318354799","ap-support-high-arch-2-pack-multipack","18","21","","","","","","","","","",""
"299199856823","work","MERGE","Work Insoles","","Manual","work-collection","2025-10-16 07:17:26 -0400","true","2024-08-21 08:12:32 -0400","web","","","","","139","","","","","","14782003183983","all-purpose-support-high-arch-4-pack","19","21","","","","","","","","","",""
"299199856823","work","MERGE","Work Insoles","","Manual","work-collection","2025-10-16 07:17:26 -0400","true","2024-08-21 08:12:32 -0400","web","","","","","140","","","","","","14782030348655","casual-pain-relief-2-pack","20","21","","","","","","","","","",""
"299199856823","work","MERGE","Work Insoles","","Manual","work-collection","2025-10-16 07:17:26 -0400","true","2024-08-21 08:12:32 -0400","web","","","","","141","","","","","","14782034837871","pain-relief-bundle","21","21","","","","","","","","","",""
"299200610487","all-purpose","MERGE","All Purpose Insoles","<p style=""text-align: left;""><span>Engineered for any activity. Enhance your footwear with Superfeet All-Purpose Insoles, the ultimate solution for versatile orthotic support. These shoe insoles are designed to provide maximum comfort and stability, making them perfect for any activity. Whether you're looking for shoe inserts for everyday wear or specialized support for sports, Superfeet insoles offer unparalleled performance. Experience the difference with Superfeet All- Purpose Insoles and step into a world of comfort and control. Shop now to find the perfect fit for your needs!</span></p>
<p style=""text-align: center;""> </p>","Manual","all-purpose-collection","2025-10-16 07:17:26 -0400","true","2024-08-21 08:24:01 -0400","web","","","","","142","true","any condition","Tag","Equals","ALL-PURPOSE","7793262100663","all-purpose-cushion","1","15","Shop Superfeet All Purpose Insoles & Shoe Inserts","Engineered for any activity, Superfeet All-Purpose insoles deliver premium support, reducing stress and strain on your entire body. Shop now for versatile comfort and performance!","","","faq_group.insole-faq","","product_feature_groups.all-purpose","Not Sure Where to Start?","{""text"":""Take the Insole Finder Quiz"",""url"":""https:/pages/insole-finder""}",""
"299200610487","all-purpose","MERGE","All Purpose Insoles","","Manual","all-purpose-collection","2025-10-16 07:17:26 -0400","true","2024-08-21 08:24:01 -0400","web","","","","","143","","","","","","7793262198967","all-purpose-high-impact-support","2","15","","","","","","","","","",""
"299200610487","all-purpose","MERGE","All Purpose Insoles","","Manual","all-purpose-collection","2025-10-16 07:17:26 -0400","true","2024-08-21 08:24:01 -0400","web","","","","","144","","","","","","7793262461111","all-purpose-womens-high-impact-support","3","15","","","","","","","","","",""
"299200610487","all-purpose","MERGE","All Purpose Insoles","","Manual","all-purpose-collection","2025-10-16 07:17:26 -0400","true","2024-08-21 08:24:01 -0400","web","","","","","145","","","","","","7793262166199","all-purpose-memory-foam-support","4","15","","","","","","","","","",""
"299200610487","all-purpose","MERGE","All Purpose Insoles","","Manual","all-purpose-collection","2025-10-16 07:17:26 -0400","true","2024-08-21 08:24:01 -0400","web","","","","","146","","","","","","7793262330039","all-purpose-support-low-arch","5","15","","","","","","","","","",""
"299200610487","all-purpose","MERGE","All Purpose Insoles","","Manual","all-purpose-collection","2025-10-16 07:17:26 -0400","true","2024-08-21 08:24:01 -0400","web","","","","","147","","","","","","7793262362807","all-purpose-support-medium-arch","6","15","","","","","","","","","",""
"299200610487","all-purpose","MERGE","All Purpose Insoles","","Manual","all-purpose-collection","2025-10-16 07:17:26 -0400","true","2024-08-21 08:24:01 -0400","web","","","","","148","","","","","","7793262133431","all-purpose-support-high-arch","7","15","","","","","","","","","",""
"299200610487","all-purpose","MERGE","All Purpose Insoles","","Manual","all-purpose-collection","2025-10-16 07:17:26 -0400","true","2024-08-21 08:24:01 -0400","web","","","","","149","","","","","","7793262395575","all-purpose-wide-fit-support","8","15","","","","","","","","","",""
"299200610487","all-purpose","MERGE","All Purpose Insoles","","Manual","all-purpose-collection","2025-10-16 07:17:26 -0400","true","2024-08-21 08:24:01 -0400","web","","","","","150","","","","","","14703668396399","commuter-essentials-pack","9","15","","","","","","","","","",""
"299200610487","all-purpose","MERGE","All Purpose Insoles","","Manual","all-purpose-collection","2025-10-16 07:17:26 -0400","true","2024-08-21 08:24:01 -0400","web","","","","","151","","","","","","14702587773295","best-sellers-bundle","10","15","","","","","","","","","",""
"299200610487","all-purpose","MERGE","All Purpose Insoles","","Manual","all-purpose-collection","2025-10-16 07:17:26 -0400","true","2024-08-21 08:24:01 -0400","web","","","","","152","","","","","","14702561198447","ap-support-high-arch-3-pack-multipack","11","15","","","","","","","","","",""
"299200610487","all-purpose","MERGE","All Purpose Insoles","","Manual","all-purpose-collection","2025-10-16 07:17:26 -0400","true","2024-08-21 08:24:01 -0400","web","","","","","153","","","","","","14702318354799","ap-support-high-arch-2-pack-multipack","12","15","","","","","","","","","",""
"299200610487","all-purpose","MERGE","All Purpose Insoles","","Manual","all-purpose-collection","2025-10-16 07:17:26 -0400","true","2024-08-21 08:24:01 -0400","web","","","","","154","","","","","","14782003183983","all-purpose-support-high-arch-4-pack","13","15","","","","","","","","","",""
"299200610487","all-purpose","MERGE","All Purpose Insoles","","Manual","all-purpose-collection","2025-10-16 07:17:26 -0400","true","2024-08-21 08:24:01 -0400","web","","","","","155","","","","","","14782008689007","all-purpose-high-impact-support-2-pack","14","15","","","","","","","","","",""
"299200610487","all-purpose","MERGE","All Purpose Insoles","","Manual","all-purpose-collection","2025-10-16 07:17:26 -0400","true","2024-08-21 08:24:01 -0400","web","","","","","156","","","","","","14782010851695","all-purpose-high-impact-support-3-pack","15","15","","","","","","","","","",""
"299346428087","best-sellers","MERGE","Best Sellers","<div data-tabster='{""groupper"":{""tabbability"":2},""focusable"":{}}' data-content=""ai-message"" aria-labelledby=""LGjggBfBpPTkYDvqMwRoQ-author LGjggBfBpPTkYDvqMwRoQ-content"" role=""article"" tabindex=""0"">
<div id=""LGjggBfBpPTkYDvqMwRoQ-content"">
<p><span>Discover the ultimate in comfort and performance with Superfeet's best-selling insoles. These top-rated shoe inserts provide exceptional orthotic support, ensuring your feet stay comfortable and pain-free throughout the day. Engineered for superior cushioning and stability, Superfeet insoles are perfect for any activity, from daily wear to intense sports. Experience the difference with our best sellers and elevate your footwear game. Shop now to find the perfect fit and enjoy unparalleled support and comfort with Superfeet insoles.</span></p>
</div>
</div>
<p style=""text-align: center;""> </p>","Manual","","2025-10-16 07:17:26 -0400","true","2024-08-26 09:58:03 -0400","web","","","","","157","true","all conditions","Tag","Equals","BEST SELLERS","7793262133431","all-purpose-support-high-arch","1","18","Shop Best Selling Insoles & Shoe Inserts","Discover top-rated Superfeet insoles for comfort and performance. Best sellers with orthotic support and cushioning. Shop now for the perfect fit!","","","","","","Not Sure Where to Start?","{""text"":""Take the Insole Finder Quiz"",""url"":""https:/pages/insole-finder""}",""
"299346428087","best-sellers","MERGE","Best Sellers","","Manual","","2025-10-16 07:17:26 -0400","true","2024-08-26 09:58:03 -0400","web","","","","","158","","","","","","7793262362807","all-purpose-support-medium-arch","2","18","","","","","","","","","",""
"299346428087","best-sellers","MERGE","Best Sellers","","Manual","","2025-10-16 07:17:26 -0400","true","2024-08-26 09:58:03 -0400","web","","","","","159","","","","","","7793262592183","casual-pain-relief","3","18","","","","","","","","","",""
"299346428087","best-sellers","MERGE","Best Sellers","","Manual","","2025-10-16 07:17:26 -0400","true","2024-08-26 09:58:03 -0400","web","","","","","160","","","","","","7793263673527","work-cushion","4","18","","","","","","","","","",""
"299346428087","best-sellers","MERGE","Best Sellers","","Manual","","2025-10-16 07:17:26 -0400","true","2024-08-26 09:58:03 -0400","web","","","","","161","","","","","","7793262198967","all-purpose-high-impact-support","5","18","","","","","","","","","",""
"299346428087","best-sellers","MERGE","Best Sellers","","Manual","","2025-10-16 07:17:26 -0400","true","2024-08-26 09:58:03 -0400","web","","","","","162","","","","","","7793263313079","run-pain-relief","6","18","","","","","","","","","",""
"299346428087","best-sellers","MERGE","Best Sellers","","Manual","","2025-10-16 07:17:26 -0400","true","2024-08-26 09:58:03 -0400","web","","","","","163","","","","","","7793262461111","all-purpose-womens-high-impact-support","7","18","","","","","","","","","",""
"299346428087","best-sellers","MERGE","Best Sellers","","Manual","","2025-10-16 07:17:26 -0400","true","2024-08-26 09:58:03 -0400","web","","","","","164","","","","","","7793262330039","all-purpose-support-low-arch","8","18","","","","","","","","","",""
"299346428087","best-sellers","MERGE","Best Sellers","","Manual","","2025-10-16 07:17:26 -0400","true","2024-08-26 09:58:03 -0400","web","","","","","165","","","","","","7793306206391","run-cushion-high-arch","9","18","","","","","","","","","",""
"299346428087","best-sellers","MERGE","Best Sellers","","Manual","","2025-10-16 07:17:26 -0400","true","2024-08-26 09:58:03 -0400","web","","","","","166","","","","","","7793263345847","run-cushion-medium-arch","10","18","","","","","","","","","",""
"299346428087","best-sellers","MERGE","Best Sellers","","Manual","","2025-10-16 07:17:26 -0400","true","2024-08-26 09:58:03 -0400","web","","","","","167","","","","","","7793262952631","hike-cushion","11","18","","","","","","","","","",""
"299346428087","best-sellers","MERGE","Best Sellers","","Manual","","2025-10-16 07:17:26 -0400","true","2024-08-26 09:58:03 -0400","web","","","","","168","","","","","","14697799221615","run-support-low-arch-new","12","18","","","","","","","","","",""
"299346428087","best-sellers","MERGE","Best Sellers","","Manual","","2025-10-16 07:17:26 -0400","true","2024-08-26 09:58:03 -0400","web","","","","","169","","","","","","7793306239159","run-cushion-low-arch","13","18","","","","","","","","","",""
"299346428087","best-sellers","MERGE","Best Sellers","","Manual","","2025-10-16 07:17:26 -0400","true","2024-08-26 09:58:03 -0400","web","","","","","170","","","","","","14784728203631","sport-ultralight","14","18","","","","","","","","","",""
"299346428087","best-sellers","MERGE","Best Sellers","","Manual","","2025-10-16 07:17:26 -0400","true","2024-08-26 09:58:03 -0400","web","","","","","171","","","","","","7793263050935","hike-support","15","18","","","","","","","","","",""
"299346428087","best-sellers","MERGE","Best Sellers","","Manual","","2025-10-16 07:17:26 -0400","true","2024-08-26 09:58:03 -0400","web","","","","","172","","","","","","7793262100663","all-purpose-cushion","16","18","","","","","","","","","",""
"299346428087","best-sellers","MERGE","Best Sellers","","Manual","","2025-10-16 07:17:26 -0400","true","2024-08-26 09:58:03 -0400","web","","","","","173","","","","","","14697814163823","run-support-high-arch-new","17","18","","","","","","","","","",""
"299346428087","best-sellers","MERGE","Best Sellers","","Manual","","2025-10-16 07:17:26 -0400","true","2024-08-26 09:58:03 -0400","web","","","","","174","","","","","","14697813934447","run-support-medium-arch-new","18","18","","","","","","","","","",""
"299853676727","mens","MERGE","Men's Insoles","<div class=""pagebuilder-column-group"" data-background-images=""{}"" data-content-type=""column-group"" data-appearance=""default"" data-grid-size=""12"" data-element=""main"" data-pb-style=""OOVS6G5"" data-was-processed=""true"">
<div class=""pagebuilder-column-line"" data-content-type=""column-line"" data-element=""main"" data-pb-style=""CGQJKL2"" data-was-processed=""true"">
<div class=""pagebuilder-column"" data-content-type=""column"" data-appearance=""full-height"" data-background-images=""{}"" data-element=""main"" data-pb-style=""EHI643J"" data-was-processed=""true"">
<div data-content-type=""text"" data-appearance=""default"" data-element=""main"" data-pb-style=""PC2CXVP"" data-was-processed=""true"">
<p style=""text-align: left;"">Experience superior comfort and support with Superfeet men’s insoles, designed to fit a variety of footwear. Engineered to provide excellent arch support, cushioning, and shock absorption, these insoles are perfect for daily wear, sports, and work shoes. Superfeet men’s insoles help reduce foot pain and fatigue, ensuring you stay comfortable and active throughout the day. Enhance your footwear with insoles that deliver long-lasting comfort and support.</p>
</div>
</div>
</div>
</div>","Alphabet","","2025-10-16 07:17:26 -0400","true","2024-09-06 15:35:11 -0400","web","","","","","175","true","all conditions","Tag","Equals","MEN'S","7793262100663","all-purpose-cushion","","38","Shop Men's Insoles & Shoe Inserts","Experience life changing comfort and support with Superfeet men’s insoles, designed to fit a variety of footwear. Shop now to discover the perfect fit and step up your game with Superfeet men’s insoles.","","","","","","Not Sure Where to Start?","{""text"":""Take the Insole Finder Quiz"",""url"":""https://superfeetww.myshopify.com/pages/insole-finder""}",""
"299853676727","mens","MERGE","Men's Insoles","","Alphabet","","2025-10-16 07:17:26 -0400","true","2024-09-06 15:35:11 -0400","web","","","","","176","","","","","","7793262198967","all-purpose-high-impact-support","","38","","","","","","","","","",""
"299853676727","mens","MERGE","Men's Insoles","","Alphabet","","2025-10-16 07:17:26 -0400","true","2024-09-06 15:35:11 -0400","web","","","","","177","","","","","","14782008689007","all-purpose-high-impact-support-2-pack","","38","","","","","","","","","",""
"299853676727","mens","MERGE","Men's Insoles","","Alphabet","","2025-10-16 07:17:26 -0400","true","2024-09-06 15:35:11 -0400","web","","","","","178","","","","","","14782010851695","all-purpose-high-impact-support-3-pack","","38","","","","","","","","","",""
"299853676727","mens","MERGE","Men's Insoles","","Alphabet","","2025-10-16 07:17:26 -0400","true","2024-09-06 15:35:11 -0400","web","","","","","179","","","","","","7793262166199","all-purpose-memory-foam-support","","38","","","","","","","","","",""
"299853676727","mens","MERGE","Men's Insoles","","Alphabet","","2025-10-16 07:17:26 -0400","true","2024-09-06 15:35:11 -0400","web","","","","","180","","","","","","7793262133431","all-purpose-support-high-arch","","38","","","","","","","","","",""
"299853676727","mens","MERGE","Men's Insoles","","Alphabet","","2025-10-16 07:17:26 -0400","true","2024-09-06 15:35:11 -0400","web","","","","","181","","","","","","14702318354799","ap-support-high-arch-2-pack-multipack","","38","","","","","","","","","",""
"299853676727","mens","MERGE","Men's Insoles","","Alphabet","","2025-10-16 07:17:26 -0400","true","2024-09-06 15:35:11 -0400","web","","","","","182","","","","","","14702561198447","ap-support-high-arch-3-pack-multipack","","38","","","","","","","","","",""
"299853676727","mens","MERGE","Men's Insoles","","Alphabet","","2025-10-16 07:17:26 -0400","true","2024-09-06 15:35:11 -0400","web","","","","","183","","","","","","14782003183983","all-purpose-support-high-arch-4-pack","","38","","","","","","","","","",""
"299853676727","mens","MERGE","Men's Insoles","","Alphabet","","2025-10-16 07:17:26 -0400","true","2024-09-06 15:35:11 -0400","web","","","","","184","","","","","","7793262330039","all-purpose-support-low-arch","","38","","","","","","","","","",""
"299853676727","mens","MERGE","Men's Insoles","","Alphabet","","2025-10-16 07:17:26 -0400","true","2024-09-06 15:35:11 -0400","web","","","","","185","","","","","","7793262362807","all-purpose-support-medium-arch","","38","","","","","","","","","",""
"299853676727","mens","MERGE","Men's Insoles","","Alphabet","","2025-10-16 07:17:26 -0400","true","2024-09-06 15:35:11 -0400","web","","","","","186","","","","","","7793262395575","all-purpose-wide-fit-support","","38","","","","","","","","","",""
"299853676727","mens","MERGE","Men's Insoles","","Alphabet","","2025-10-16 07:17:26 -0400","true","2024-09-06 15:35:11 -0400","web","","","","","187","","","","","","14702587773295","best-sellers-bundle","","38","","","","","","","","","",""
"299853676727","mens","MERGE","Men's Insoles","","Alphabet","","2025-10-16 07:17:26 -0400","true","2024-09-06 15:35:11 -0400","web","","","","","188","","","","","","7793262526647","casual-mens-easyfit-r","","38","","","","","","","","","",""
"299853676727","mens","MERGE","Men's Insoles","","Alphabet","","2025-10-16 07:17:26 -0400","true","2024-09-06 15:35:11 -0400","web","","","","","189","","","","","","7793262592183","casual-pain-relief","","38","","","","","","","","","",""
"299853676727","mens","MERGE","Men's Insoles","","Alphabet","","2025-10-16 07:17:26 -0400","true","2024-09-06 15:35:11 -0400","web","","","","","190","","","","","","14782030348655","casual-pain-relief-2-pack","","38","","","","","","","","","",""
"299853676727","mens","MERGE","Men's Insoles","","Alphabet","","2025-10-16 07:17:26 -0400","true","2024-09-06 15:35:11 -0400","web","","","","","191","","","","","","7793262624951","casual-support","","38","","","","","","","","","",""
"299853676727","mens","MERGE","Men's Insoles","","Alphabet","","2025-10-16 07:17:26 -0400","true","2024-09-06 15:35:11 -0400","web","","","","","192","","","","","","14703668396399","commuter-essentials-pack","","38","","","","","","","","","",""
"299853676727","mens","MERGE","Men's Insoles","","Alphabet","","2025-10-16 07:17:26 -0400","true","2024-09-06 15:35:11 -0400","web","","","","","193","","","","","","7793262952631","hike-cushion","","38","","","","","","","","","",""
"299853676727","mens","MERGE","Men's Insoles","","Alphabet","","2025-10-16 07:17:26 -0400","true","2024-09-06 15:35:11 -0400","web","","","","","194","","","","","","14782039196015","hike-cushion-2-pack","","38","","","","","","","","","",""
"299853676727","mens","MERGE","Men's Insoles","","Alphabet","","2025-10-16 07:17:26 -0400","true","2024-09-06 15:35:11 -0400","web","","","","","195","","","","","","7793263050935","hike-support","","38","","","","","","","","","",""
"299853676727","mens","MERGE","Men's Insoles","","Alphabet","","2025-10-16 07:17:26 -0400","true","2024-09-06 15:35:11 -0400","web","","","","","196","","","","","","7793263083703","hockey-cushion","","38","","","","","","","","","",""
"299853676727","mens","MERGE","Men's Insoles","","Alphabet","","2025-10-16 07:17:26 -0400","true","2024-09-06 15:35:11 -0400","web","","","","","197","","","","","","7793263116471","hockey-performance","","38","","","","","","","","","",""
"299853676727","mens","MERGE","Men's Insoles","","Alphabet","","2025-10-16 07:17:26 -0400","true","2024-09-06 15:35:11 -0400","web","","","","","198","","","","","","14782039261551","hockey-performance-2-pack","","38","","","","","","","","","",""
"299853676727","mens","MERGE","Men's Insoles","","Alphabet","","2025-10-16 07:17:26 -0400","true","2024-09-06 15:35:11 -0400","web","","","","","199","","","","","","14782034837871","pain-relief-bundle","","38","","","","","","","","","",""
"299853676727","mens","MERGE","Men's Insoles","","Alphabet","","2025-10-16 07:17:26 -0400","true","2024-09-06 15:35:11 -0400","web","","","","","200","","","","","","14797853327727","run-pacer-elite","","38","","","","","","","","","",""
"299853676727","mens","MERGE","Men's Insoles","","Alphabet","","2025-10-16 07:17:26 -0400","true","2024-09-06 15:35:11 -0400","web","","","","","201","","","","","","7793263313079","run-pain-relief","","38","","","","","","","","","",""
"299853676727","mens","MERGE","Men's Insoles","","Alphabet","","2025-10-16 07:17:26 -0400","true","2024-09-06 15:35:11 -0400","web","","","","","202","","","","","","14782022615407","run-pain-relief-2-pack","","38","","","","","","","","","",""
"299853676727","mens","MERGE","Men's Insoles","","Alphabet","","2025-10-16 07:17:26 -0400","true","2024-09-06 15:35:11 -0400","web","","","","","203","","","","","","14697814163823","run-support-high-arch-new","","38","","","","","","","","","",""
"299853676727","mens","MERGE","Men's Insoles","","Alphabet","","2025-10-16 07:17:26 -0400","true","2024-09-06 15:35:11 -0400","web","","","","","204","","","","","","14697799221615","run-support-low-arch-new","","38","","","","","","","","","",""
"299853676727","mens","MERGE","Men's Insoles","","Alphabet","","2025-10-16 07:17:26 -0400","true","2024-09-06 15:35:11 -0400","web","","","","","205","","","","","","14697813934447","run-support-medium-arch-new","","38","","","","","","","","","",""
"299853676727","mens","MERGE","Men's Insoles","","Alphabet","","2025-10-16 07:17:26 -0400","true","2024-09-06 15:35:11 -0400","web","","","","","206","","","","","","14703670853999","running-starter-pack","","38","","","","","","","","","",""
"299853676727","mens","MERGE","Men's Insoles","","Alphabet","","2025-10-16 07:17:26 -0400","true","2024-09-06 15:35:11 -0400","web","","","","","207","","","","","","14784728203631","sport-ultralight","","38","","","","","","","","","",""
"299853676727","mens","MERGE","Men's Insoles","","Alphabet","","2025-10-16 07:17:26 -0400","true","2024-09-06 15:35:11 -0400","web","","","","","208","","","","","","7793263607991","winter-support","","38","","","","","","","","","",""
"299853676727","mens","MERGE","Men's Insoles","","Alphabet","","2025-10-16 07:17:26 -0400","true","2024-09-06 15:35:11 -0400","web","","","","","209","","","","","","7793263640759","winter-thin-support","","38","","","","","","","","","",""
"299853676727","mens","MERGE","Men's Insoles","","Alphabet","","2025-10-16 07:17:26 -0400","true","2024-09-06 15:35:11 -0400","web","","","","","210","","","","","","14702618378607","work-cushion-2-pack-multipack","","38","","","","","","","","","",""
"299853676727","mens","MERGE","Men's Insoles","","Alphabet","","2025-10-16 07:17:26 -0400","true","2024-09-06 15:35:11 -0400","web","","","","","211","","","","","","14703642935663","work-hard-play-hard-pack","","38","","","","","","","","","",""
"299853676727","mens","MERGE","Men's Insoles","","Alphabet","","2025-10-16 07:17:26 -0400","true","2024-09-06 15:35:11 -0400","web","","","","","212","","","","","","14775606542703","work-memory-foam","","38","","","","","","","","","",""
"299199692983","hockey-skates","MERGE","Hockey & Skates Insoles","<p style=""text-align: left;""><span>Boost your on-ice performance with Superfeet Hockey insoles, designed specifically for hockey skates. These insoles provide superior arch support, stability, and shock absorption, enhancing your agility and reducing foot fatigue during intense games and practices. Engineered to fit perfectly in hockey skates, Superfeet insoles help improve energy transfer and edge control, giving you a competitive edge on the ice. Shop now to upgrade your game with Superfeet Hockey insoles.</span></p>","Best Selling","hockey-skates-collection","2025-10-16 07:17:26 -0400","true","2024-08-21 08:05:43 -0400","web","","","","","213","true","all conditions","Tag","Equals","HOCKEY","7793263116471","hockey-performance","","3","Shop Hockey Insoles & Shoe Inserts","Boost on-ice performance with Superfeet Hockey insoles. Engineered to fit perfectly in hockey skates, they enhance agility, stability, and reduce fatigue. Shop now!","","","faq_group.hockey-skates-insole-faq","ugc_galleries.hockey-ugc","product_feature_groups.hockey-skates","Not Sure Where to Start?","{""text"":""Take the Insole Finder Quiz"",""url"":""https:/pages/insole-finder""}",""
"299199692983","hockey-skates","MERGE","Hockey & Skates Insoles","","Best Selling","hockey-skates-collection","2025-10-16 07:17:26 -0400","true","2024-08-21 08:05:43 -0400","web","","","","","214","","","","","","7793263083703","hockey-cushion","","3","","","","","","","","","",""
"299199692983","hockey-skates","MERGE","Hockey & Skates Insoles","","Best Selling","hockey-skates-collection","2025-10-16 07:17:26 -0400","true","2024-08-21 08:05:43 -0400","web","","","","","215","","","","","","14782039261551","hockey-performance-2-pack","","3","","","","","","","","","",""
"299853709495","kids","MERGE","Kids Insoles","<p style=""text-align: left;""><span>Support your child’s growing feet with Superfeet youth-sized insoles, designed for active kids. These insoles provide excellent arch support, cushioning, and stability, helping to prevent and alleviate foot discomfort during play, sports, and everyday activities. With a focus on proper foot development, Superfeet kids’ insoles ensure your child enjoys optimal comfort and support. Invest in your child’s foot health with insoles that promote natural movement and reduce fatigue. </span></p>","Alphabet","","2025-10-16 07:17:26 -0400","true","2024-09-06 15:35:31 -0400","web","","","","","216","true","all conditions","Tag","Equals","KIDS","7793262133431","all-purpose-support-high-arch","","12","Shop Kids Insoles & Shoe Inserts","Support your child's feet growing feet with Superfeet youth-sized insoles for active kids. Excellent arch support, cushioning, and stability.  Invest in their foot health. Shop now!  ","","","","","","Not Sure Where to Start?","{""text"":""Take the Insole Finder Quiz"",""url"":""https://superfeetww.myshopify.com/pages/insole-finder""}",""
"299853709495","kids","MERGE","Kids Insoles","","Alphabet","","2025-10-16 07:17:26 -0400","true","2024-09-06 15:35:31 -0400","web","","","","","217","","","","","","14702561198447","ap-support-high-arch-3-pack-multipack","","12","","","","","","","","","",""
"299853709495","kids","MERGE","Kids Insoles","","Alphabet","","2025-10-16 07:17:26 -0400","true","2024-09-06 15:35:31 -0400","web","","","","","218","","","","","","14782003183983","all-purpose-support-high-arch-4-pack","","12","","","","","","","","","",""
"299853709495","kids","MERGE","Kids Insoles","","Alphabet","","2025-10-16 07:17:26 -0400","true","2024-09-06 15:35:31 -0400","web","","","","","219","","","","","","7793262362807","all-purpose-support-medium-arch","","12","","","","","","","","","",""
"299853709495","kids","MERGE","Kids Insoles","","Alphabet","","2025-10-16 07:17:26 -0400","true","2024-09-06 15:35:31 -0400","web","","","","","220","","","","","","7793263083703","hockey-cushion","","12","","","","","","","","","",""
"299853709495","kids","MERGE","Kids Insoles","","Alphabet","","2025-10-16 07:17:26 -0400","true","2024-09-06 15:35:31 -0400","web","","","","","221","","","","","","7793263116471","hockey-performance","","12","","","","","","","","","",""
"299853709495","kids","MERGE","Kids Insoles","","Alphabet","","2025-10-16 07:17:26 -0400","true","2024-09-06 15:35:31 -0400","web","","","","","222","","","","","","14782039261551","hockey-performance-2-pack","","12","","","","","","","","","",""
"299853709495","kids","MERGE","Kids Insoles","","Alphabet","","2025-10-16 07:17:26 -0400","true","2024-09-06 15:35:31 -0400","web","","","","","223","","","","","","14697814163823","run-support-high-arch-new","","12","","","","","","","","","",""
"299853709495","kids","MERGE","Kids Insoles","","Alphabet","","2025-10-16 07:17:26 -0400","true","2024-09-06 15:35:31 -0400","web","","","","","224","","","","","","14697799221615","run-support-low-arch-new","","12","","","","","","","","","",""
"299853709495","kids","MERGE","Kids Insoles","","Alphabet","","2025-10-16 07:17:26 -0400","true","2024-09-06 15:35:31 -0400","web","","","","","225","","","","","","14784728203631","sport-ultralight","","12","","","","","","","","","",""
"299853709495","kids","MERGE","Kids Insoles","","Alphabet","","2025-10-16 07:17:26 -0400","true","2024-09-06 15:35:31 -0400","web","","","","","226","","","","","","7793263607991","winter-support","","12","","","","","","","","","",""
"299853709495","kids","MERGE","Kids Insoles","","Alphabet","","2025-10-16 07:17:26 -0400","true","2024-09-06 15:35:31 -0400","web","","","","","227","","","","","","7793263640759","winter-thin-support","","12","","","","","","","","","",""
"299853775031","unisex","MERGE","Unisex Insoles","<p style=""text-align: left;"">Discover the ultimate comfort and support with Superfeet unisex insoles and shoe inserts. Engineered for all-day wear, these insoles provide superior arch support, cushioning, and stability, making them perfect for any activity. Whether you're on your feet all day at work, hitting the gym, or enjoying a casual stroll, Superfeet insoles ensure your feet stay comfortable and pain-free. Experience the difference with Superfeet and step into a world of unparalleled support and performance. Shop now to find the perfect fit for your needs!</p>","Alphabet","","2025-10-16 07:17:26 -0400","true","2024-09-06 15:36:37 -0400","web","","","","","228","true","all conditions","Tag","Equals","UNISEX","7793262100663","all-purpose-cushion","","40","Shop Unisex Insoles & Shoe Inserts","Discover Superfeet insoles and shoe inserts for superior comfort and support. Perfect for any activity. Shop now for all-day relief and performance!","","","","","","Not Sure Where To Start?","{""text"":""Take the Insole Finder Quiz"",""url"":""https://www.superfeet.com/pages/insole-finder""}",""
"299853775031","unisex","MERGE","Unisex Insoles","","Alphabet","","2025-10-16 07:17:26 -0400","true","2024-09-06 15:36:37 -0400","web","","","","","229","","","","","","7793262198967","all-purpose-high-impact-support","","40","","","","","","","","","",""
"299853775031","unisex","MERGE","Unisex Insoles","","Alphabet","","2025-10-16 07:17:26 -0400","true","2024-09-06 15:36:37 -0400","web","","","","","230","","","","","","14782008689007","all-purpose-high-impact-support-2-pack","","40","","","","","","","","","",""
"299853775031","unisex","MERGE","Unisex Insoles","","Alphabet","","2025-10-16 07:17:26 -0400","true","2024-09-06 15:36:37 -0400","web","","","","","231","","","","","","14782010851695","all-purpose-high-impact-support-3-pack","","40","","","","","","","","","",""
"299853775031","unisex","MERGE","Unisex Insoles","","Alphabet","","2025-10-16 07:17:26 -0400","true","2024-09-06 15:36:37 -0400","web","","","","","232","","","","","","7793262166199","all-purpose-memory-foam-support","","40","","","","","","","","","",""
"299853775031","unisex","MERGE","Unisex Insoles","","Alphabet","","2025-10-16 07:17:26 -0400","true","2024-09-06 15:36:37 -0400","web","","","","","233","","","","","","7793262133431","all-purpose-support-high-arch","","40","","","","","","","","","",""
"299853775031","unisex","MERGE","Unisex Insoles","","Alphabet","","2025-10-16 07:17:26 -0400","true","2024-09-06 15:36:37 -0400","web","","","","","234","","","","","","14702318354799","ap-support-high-arch-2-pack-multipack","","40","","","","","","","","","",""
"299853775031","unisex","MERGE","Unisex Insoles","","Alphabet","","2025-10-16 07:17:26 -0400","true","2024-09-06 15:36:37 -0400","web","","","","","235","","","","","","14702561198447","ap-support-high-arch-3-pack-multipack","","40","","","","","","","","","",""
"299853775031","unisex","MERGE","Unisex Insoles","","Alphabet","","2025-10-16 07:17:26 -0400","true","2024-09-06 15:36:37 -0400","web","","","","","236","","","","","","14782003183983","all-purpose-support-high-arch-4-pack","","40","","","","","","","","","",""
"299853775031","unisex","MERGE","Unisex Insoles","","Alphabet","","2025-10-16 07:17:26 -0400","true","2024-09-06 15:36:37 -0400","web","","","","","237","","","","","","7793262330039","all-purpose-support-low-arch","","40","","","","","","","","","",""
"299853775031","unisex","MERGE","Unisex Insoles","","Alphabet","","2025-10-16 07:17:26 -0400","true","2024-09-06 15:36:37 -0400","web","","","","","238","","","","","","7793262362807","all-purpose-support-medium-arch","","40","","","","","","","","","",""
"299853775031","unisex","MERGE","Unisex Insoles","","Alphabet","","2025-10-16 07:17:26 -0400","true","2024-09-06 15:36:37 -0400","web","","","","","239","","","","","","7793262395575","all-purpose-wide-fit-support","","40","","","","","","","","","",""
"299853775031","unisex","MERGE","Unisex Insoles","","Alphabet","","2025-10-16 07:17:26 -0400","true","2024-09-06 15:36:37 -0400","web","","","","","240","","","","","","7793262461111","all-purpose-womens-high-impact-support","","40","","","","","","","","","",""
"299853775031","unisex","MERGE","Unisex Insoles","","Alphabet","","2025-10-16 07:17:26 -0400","true","2024-09-06 15:36:37 -0400","web","","","","","241","","","","","","14702587773295","best-sellers-bundle","","40","","","","","","","","","",""
"299853775031","unisex","MERGE","Unisex Insoles","","Alphabet","","2025-10-16 07:17:26 -0400","true","2024-09-06 15:36:37 -0400","web","","","","","242","","","","","","7793262592183","casual-pain-relief","","40","","","","","","","","","",""
"299853775031","unisex","MERGE","Unisex Insoles","","Alphabet","","2025-10-16 07:17:26 -0400","true","2024-09-06 15:36:37 -0400","web","","","","","243","","","","","","14782030348655","casual-pain-relief-2-pack","","40","","","","","","","","","",""
"299853775031","unisex","MERGE","Unisex Insoles","","Alphabet","","2025-10-16 07:17:26 -0400","true","2024-09-06 15:36:37 -0400","web","","","","","244","","","","","","7793262624951","casual-support","","40","","","","","","","","","",""
"299853775031","unisex","MERGE","Unisex Insoles","","Alphabet","","2025-10-16 07:17:26 -0400","true","2024-09-06 15:36:37 -0400","web","","","","","245","","","","","","14703668396399","commuter-essentials-pack","","40","","","","","","","","","",""
"299853775031","unisex","MERGE","Unisex Insoles","","Alphabet","","2025-10-16 07:17:26 -0400","true","2024-09-06 15:36:37 -0400","web","","","","","246","","","","","","7793262952631","hike-cushion","","40","","","","","","","","","",""
"299853775031","unisex","MERGE","Unisex Insoles","","Alphabet","","2025-10-16 07:17:26 -0400","true","2024-09-06 15:36:37 -0400","web","","","","","247","","","","","","14782039196015","hike-cushion-2-pack","","40","","","","","","","","","",""
"299853775031","unisex","MERGE","Unisex Insoles","","Alphabet","","2025-10-16 07:17:26 -0400","true","2024-09-06 15:36:37 -0400","web","","","","","248","","","","","","7793263050935","hike-support","","40","","","","","","","","","",""
"299853775031","unisex","MERGE","Unisex Insoles","","Alphabet","","2025-10-16 07:17:26 -0400","true","2024-09-06 15:36:37 -0400","web","","","","","249","","","","","","7793263083703","hockey-cushion","","40","","","","","","","","","",""
"299853775031","unisex","MERGE","Unisex Insoles","","Alphabet","","2025-10-16 07:17:26 -0400","true","2024-09-06 15:36:37 -0400","web","","","","","250","","","","","","7793263116471","hockey-performance","","40","","","","","","","","","",""
"299853775031","unisex","MERGE","Unisex Insoles","","Alphabet","","2025-10-16 07:17:26 -0400","true","2024-09-06 15:36:37 -0400","web","","","","","251","","","","","","14782039261551","hockey-performance-2-pack","","40","","","","","","","","","",""
"299853775031","unisex","MERGE","Unisex Insoles","","Alphabet","","2025-10-16 07:17:26 -0400","true","2024-09-06 15:36:37 -0400","web","","","","","252","","","","","","7793263182007","me3d","","40","","","","","","","","","",""
"299853775031","unisex","MERGE","Unisex Insoles","","Alphabet","","2025-10-16 07:17:26 -0400","true","2024-09-06 15:36:37 -0400","web","","","","","253","","","","","","7793263247543","me3d-max","","40","","","","","","","","","",""
"299853775031","unisex","MERGE","Unisex Insoles","","Alphabet","","2025-10-16 07:17:26 -0400","true","2024-09-06 15:36:37 -0400","web","","","","","254","","","","","","14782034837871","pain-relief-bundle","","40","","","","","","","","","",""
"299853775031","unisex","MERGE","Unisex Insoles","","Alphabet","","2025-10-16 07:17:26 -0400","true","2024-09-06 15:36:37 -0400","web","","","","","255","","","","","","14797853327727","run-pacer-elite","","40","","","","","","","","","",""
"299853775031","unisex","MERGE","Unisex Insoles","","Alphabet","","2025-10-16 07:17:26 -0400","true","2024-09-06 15:36:37 -0400","web","","","","","256","","","","","","7793263313079","run-pain-relief","","40","","","","","","","","","",""
"299853775031","unisex","MERGE","Unisex Insoles","","Alphabet","","2025-10-16 07:17:26 -0400","true","2024-09-06 15:36:37 -0400","web","","","","","257","","","","","","14782022615407","run-pain-relief-2-pack","","40","","","","","","","","","",""
"299853775031","unisex","MERGE","Unisex Insoles","","Alphabet","","2025-10-16 07:17:26 -0400","true","2024-09-06 15:36:37 -0400","web","","","","","258","","","","","","14697814163823","run-support-high-arch-new","","40","","","","","","","","","",""
"299853775031","unisex","MERGE","Unisex Insoles","","Alphabet","","2025-10-16 07:17:26 -0400","true","2024-09-06 15:36:37 -0400","web","","","","","259","","","","","","14697799221615","run-support-low-arch-new","","40","","","","","","","","","",""
"299853775031","unisex","MERGE","Unisex Insoles","","Alphabet","","2025-10-16 07:17:26 -0400","true","2024-09-06 15:36:37 -0400","web","","","","","260","","","","","","14697813934447","run-support-medium-arch-new","","40","","","","","","","","","",""
"299853775031","unisex","MERGE","Unisex Insoles","","Alphabet","","2025-10-16 07:17:26 -0400","true","2024-09-06 15:36:37 -0400","web","","","","","261","","","","","","14703670853999","running-starter-pack","","40","","","","","","","","","",""
"299853775031","unisex","MERGE","Unisex Insoles","","Alphabet","","2025-10-16 07:17:26 -0400","true","2024-09-06 15:36:37 -0400","web","","","","","262","","","","","","14784728203631","sport-ultralight","","40","","","","","","","","","",""
"299853775031","unisex","MERGE","Unisex Insoles","","Alphabet","","2025-10-16 07:17:26 -0400","true","2024-09-06 15:36:37 -0400","web","","","","","263","","","","","","7793263607991","winter-support","","40","","","","","","","","","",""
"299853775031","unisex","MERGE","Unisex Insoles","","Alphabet","","2025-10-16 07:17:26 -0400","true","2024-09-06 15:36:37 -0400","web","","","","","264","","","","","","7793263640759","winter-thin-support","","40","","","","","","","","","",""
"299853775031","unisex","MERGE","Unisex Insoles","","Alphabet","","2025-10-16 07:17:26 -0400","true","2024-09-06 15:36:37 -0400","web","","","","","265","","","","","","14702618378607","work-cushion-2-pack-multipack","","40","","","","","","","","","",""
"299853775031","unisex","MERGE","Unisex Insoles","","Alphabet","","2025-10-16 07:17:26 -0400","true","2024-09-06 15:36:37 -0400","web","","","","","266","","","","","","14703642935663","work-hard-play-hard-pack","","40","","","","","","","","","",""
"299853775031","unisex","MERGE","Unisex Insoles","","Alphabet","","2025-10-16 07:17:26 -0400","true","2024-09-06 15:36:37 -0400","web","","","","","267","","","","","","14775606542703","work-memory-foam","","40","","","","","","","","","",""
"299853742263","personalized","MERGE","Personalized Insoles","<p style=""text-align: center;""><img alt="""" src=""https://cdn.shopify.com/s/files/1/0638/5346/1687/files/icon-giving-back.svg?v=1726062433"" width=""109"" height=""87""></p>
<p style=""text-align: center;""><span>With your purchase you’ve joined a community committed to making a difference for people and the planet. Every year, Superfeet gives 1% of sales and more than 1,000 volunteer hours to shaping a strong foundation.</span></p>","Alphabet","","2025-09-11 17:54:48 -0400","true","2024-09-06 15:36:13 -0400","web","","","","","268","true","all conditions","Tag","Equals","PERSONALIZED","7793263182007","me3d","","2","Personalized Insoles & Shoe Inserts","Explore the full selection of Personalized Insoles from Superfeet, available exclusively in stores. Learn more about Superfeet custom insoles and supports today!","","","faq_group.me-3-d-faq","","","Not Sure Where to Start?","{""text"":""Take the Insole Finder Quiz"",""url"":""https:/pages/insole-finder""}",""
"299853742263","personalized","MERGE","Personalized Insoles","","Alphabet","","2025-09-11 17:54:48 -0400","true","2024-09-06 15:36:13 -0400","web","","","","","269","","","","","","7793263247543","me3d-max","","2","","","","","","","","","",""
"634234470767","bundles","MERGE","Bundles","<p>Engineered for any activity. Enhance your footwear with Superfeet Insoles, the ultimate solution for versatile orthotic support. These shoe insoles are designed to provide maximum comfort and stability, making them perfect for daily routines, gym sessions, or wherever the day takes you. Whether you're looking for shoe inserts for everyday wear or specialized support for sports, Superfeet insoles offer unparalleled performance. Experience the difference with Superfeet Insoles and step into a world of comfort and control. Shop now to find the perfect fit for your needs and bundle your favorite insoles to save 10%!</p>","Manual","bundle-collection","2025-10-16 07:17:26 -0400","true","2025-04-14 12:01:25 -0400","web","","","","","270","true","all conditions","Tag","Equals","Bundles","14782008689007","all-purpose-high-impact-support-2-pack","1","15","Bundle and Save: Superfeet Insoles for Any Activity","Enhance your footwear with Superfeet Insoles. Bundle your favorite insoles and save 10%. Perfect for daily routines, gym sessions, or any activity.","","","faq_group.insole-faq","","product_feature_groups.why-superfeet","Not Sure Where to Start?","{""text"":""Take the Insole Finder Quiz"",""url"":""https:/pages/insole-finder""}",""
"634234470767","bundles","MERGE","Bundles","","Manual","bundle-collection","2025-10-16 07:17:26 -0400","true","2025-04-14 12:01:25 -0400","web","","","","","271","","","","","","14782003183983","all-purpose-support-high-arch-4-pack","2","15","","","","","","","","","",""
"634234470767","bundles","MERGE","Bundles","","Manual","bundle-collection","2025-10-16 07:17:26 -0400","true","2025-04-14 12:01:25 -0400","web","","","","","272","","","","","","14782034837871","pain-relief-bundle","3","15","","","","","","","","","",""
"634234470767","bundles","MERGE","Bundles","","Manual","bundle-collection","2025-10-16 07:17:26 -0400","true","2025-04-14 12:01:25 -0400","web","","","","","273","","","","","","14782039196015","hike-cushion-2-pack","4","15","","","","","","","","","",""
"634234470767","bundles","MERGE","Bundles","","Manual","bundle-collection","2025-10-16 07:17:26 -0400","true","2025-04-14 12:01:25 -0400","web","","","","","274","","","","","","14782022615407","run-pain-relief-2-pack","5","15","","","","","","","","","",""
"634234470767","bundles","MERGE","Bundles","","Manual","bundle-collection","2025-10-16 07:17:26 -0400","true","2025-04-14 12:01:25 -0400","web","","","","","275","","","","","","14782030348655","casual-pain-relief-2-pack","6","15","","","","","","","","","",""
"634234470767","bundles","MERGE","Bundles","","Manual","bundle-collection","2025-10-16 07:17:26 -0400","true","2025-04-14 12:01:25 -0400","web","","","","","276","","","","","","14782039261551","hockey-performance-2-pack","7","15","","","","","","","","","",""
"634234470767","bundles","MERGE","Bundles","","Manual","bundle-collection","2025-10-16 07:17:26 -0400","true","2025-04-14 12:01:25 -0400","web","","","","","277","","","","","","14782010851695","all-purpose-high-impact-support-3-pack","8","15","","","","","","","","","",""
"634234470767","bundles","MERGE","Bundles","","Manual","bundle-collection","2025-10-16 07:17:26 -0400","true","2025-04-14 12:01:25 -0400","web","","","","","278","","","","","","14702318354799","ap-support-high-arch-2-pack-multipack","9","15","","","","","","","","","",""
"634234470767","bundles","MERGE","Bundles","","Manual","bundle-collection","2025-10-16 07:17:26 -0400","true","2025-04-14 12:01:25 -0400","web","","","","","279","","","","","","14702561198447","ap-support-high-arch-3-pack-multipack","10","15","","","","","","","","","",""
"634234470767","bundles","MERGE","Bundles","","Manual","bundle-collection","2025-10-16 07:17:26 -0400","true","2025-04-14 12:01:25 -0400","web","","","","","280","","","","","","14702587773295","best-sellers-bundle","11","15","","","","","","","","","",""
"634234470767","bundles","MERGE","Bundles","","Manual","bundle-collection","2025-10-16 07:17:26 -0400","true","2025-04-14 12:01:25 -0400","web","","","","","281","","","","","","14702618378607","work-cushion-2-pack-multipack","12","15","","","","","","","","","",""
"634234470767","bundles","MERGE","Bundles","","Manual","bundle-collection","2025-10-16 07:17:26 -0400","true","2025-04-14 12:01:25 -0400","web","","","","","282","","","","","","14703670853999","running-starter-pack","13","15","","","","","","","","","",""
"634234470767","bundles","MERGE","Bundles","","Manual","bundle-collection","2025-10-16 07:17:26 -0400","true","2025-04-14 12:01:25 -0400","web","","","","","283","","","","","","14703668396399","commuter-essentials-pack","14","15","","","","","","","","","",""
"634234470767","bundles","MERGE","Bundles","","Manual","bundle-collection","2025-10-16 07:17:26 -0400","true","2025-04-14 12:01:25 -0400","web","","","","","284","","","","","","14703642935663","work-hard-play-hard-pack","15","15","","","","","","","","","",""
"634924925295","25-off-ss-demo","MERGE","25% off SS Demo","","Best Selling","","2025-10-16 07:17:26 -0400","","","web","","","","","285","true","all conditions","Tag","Equals","BEST SELLERS","7793262133431","all-purpose-support-high-arch","","18","","","","","","","","","",""
"634924925295","25-off-ss-demo","MERGE","25% off SS Demo","","Best Selling","","2025-10-16 07:17:26 -0400","","","web","","","","","286","","","","","","7793262198967","all-purpose-high-impact-support","","18","","","","","","","","","",""
"634924925295","25-off-ss-demo","MERGE","25% off SS Demo","","Best Selling","","2025-10-16 07:17:26 -0400","","","web","","","","","287","","","","","","7793262362807","all-purpose-support-medium-arch","","18","","","","","","","","","",""
"634924925295","25-off-ss-demo","MERGE","25% off SS Demo","","Best Selling","","2025-10-16 07:17:26 -0400","","","web","","","","","288","","","","","","7793262461111","all-purpose-womens-high-impact-support","","18","","","","","","","","","",""
"634924925295","25-off-ss-demo","MERGE","25% off SS Demo","","Best Selling","","2025-10-16 07:17:26 -0400","","","web","","","","","289","","","","","","7793262592183","casual-pain-relief","","18","","","","","","","","","",""
"634924925295","25-off-ss-demo","MERGE","25% off SS Demo","","Best Selling","","2025-10-16 07:17:26 -0400","","","web","","","","","290","","","","","","7793263673527","work-cushion","","18","","","","","","","","","",""
"634924925295","25-off-ss-demo","MERGE","25% off SS Demo","","Best Selling","","2025-10-16 07:17:26 -0400","","","web","","","","","291","","","","","","7793263313079","run-pain-relief","","18","","","","","","","","","",""
"634924925295","25-off-ss-demo","MERGE","25% off SS Demo","","Best Selling","","2025-10-16 07:17:26 -0400","","","web","","","","","292","","","","","","7793262100663","all-purpose-cushion","","18","","","","","","","","","",""
"634924925295","25-off-ss-demo","MERGE","25% off SS Demo","","Best Selling","","2025-10-16 07:17:26 -0400","","","web","","","","","293","","","","","","7793306206391","run-cushion-high-arch","","18","","","","","","","","","",""
"634924925295","25-off-ss-demo","MERGE","25% off SS Demo","","Best Selling","","2025-10-16 07:17:26 -0400","","","web","","","","","294","","","","","","7793262330039","all-purpose-support-low-arch","","18","","","","","","","","","",""
"634924925295","25-off-ss-demo","MERGE","25% off SS Demo","","Best Selling","","2025-10-16 07:17:26 -0400","","","web","","","","","295","","","","","","7793306239159","run-cushion-low-arch","","18","","","","","","","","","",""
"634924925295","25-off-ss-demo","MERGE","25% off SS Demo","","Best Selling","","2025-10-16 07:17:26 -0400","","","web","","","","","296","","","","","","7793263345847","run-cushion-medium-arch","","18","","","","","","","","","",""
"634924925295","25-off-ss-demo","MERGE","25% off SS Demo","","Best Selling","","2025-10-16 07:17:26 -0400","","","web","","","","","297","","","","","","7793262952631","hike-cushion","","18","","","","","","","","","",""
"634924925295","25-off-ss-demo","MERGE","25% off SS Demo","","Best Selling","","2025-10-16 07:17:26 -0400","","","web","","","","","298","","","","","","7793263050935","hike-support","","18","","","","","","","","","",""
"634924925295","25-off-ss-demo","MERGE","25% off SS Demo","","Best Selling","","2025-10-16 07:17:26 -0400","","","web","","","","","299","","","","","","14697799221615","run-support-low-arch-new","","18","","","","","","","","","",""
"634924925295","25-off-ss-demo","MERGE","25% off SS Demo","","Best Selling","","2025-10-16 07:17:26 -0400","","","web","","","","","300","","","","","","14697814163823","run-support-high-arch-new","","18","","","","","","","","","",""
"634924925295","25-off-ss-demo","MERGE","25% off SS Demo","","Best Selling","","2025-10-16 07:17:26 -0400","","","web","","","","","301","","","","","","14697813934447","run-support-medium-arch-new","","18","","","","","","","","","",""
"634924925295","25-off-ss-demo","MERGE","25% off SS Demo","","Best Selling","","2025-10-16 07:17:26 -0400","","","web","","","","","302","","","","","","14784728203631","sport-ultralight","","18","","","","","","","","","",""
"636747448687","run-support-sale","MERGE","Run Support Sale","","Best Selling","run-support-sale-2","2025-07-29 16:53:03 -0400","","","web","","","","","303","true","all conditions","Tag","Equals","SECRET SALE","7793263411383","run-support-high-arch","","3","","","","","","","","","","1"
"636747448687","run-support-sale","MERGE","Run Support Sale","","Best Selling","run-support-sale-2","2025-07-29 16:53:03 -0400","","","web","","","","","304","","","","","","7793263476919","run-support-medium-arch","","3","","","","","","","","","",""
"636747448687","run-support-sale","MERGE","Run Support Sale","","Best Selling","run-support-sale-2","2025-07-29 16:53:03 -0400","","","web","","","","","305","","","","","","7793263444151","run-support-low-arch","","3","","","","","","","","","",""
"639524077935","running-insoles-v2","MERGE","Running Insoles V2","<p><span>Elevate your running experience and delivery quality for each foot with Superfeet premium running insoles. Superfeet insoles are engineered to enhance foot stability, absorb shock, and reduce fatigue for both casual joggers and marathon enthusiasts. Every foot is unique, and so is every run. Superfeet's range of insoles caters to different arch types and running styles, ensuring a custom-like fit for peak performance and comfort.</span></p>","Best Selling","ea-aklu3g","2025-10-16 16:39:20 -0400","","","web","","","","","306","true","any condition","Tag","Equals","RUNNING","7793263313079","run-pain-relief","","11","Shop Running Insoles & Shoe Inserts","Elevate your running experience with Superfeet premium running insoles and transform your run from the ground up. Check out the full selection from the foot care experts at Superfeet. Shop Superfeet insoles and inserts now!","","","faq_group.running-insoles-faq","ugc_galleries.running-ugc","product_feature_groups.running","Not Sure Where to Start?","{""text"":""Take the Insole Finder Quiz"",""url"":""https://www.superfeet.com/pages/insole-finder""}",""
"639524077935","running-insoles-v2","MERGE","Running Insoles V2","","Best Selling","ea-aklu3g","2025-10-16 16:39:20 -0400","","","web","","","","","307","","","Metafield: cql.target_use_activity","Equals","Running/Walking","7793306206391","run-cushion-high-arch","","11","","","","","","","","","",""
"639524077935","running-insoles-v2","MERGE","Running Insoles V2","","Best Selling","ea-aklu3g","2025-10-16 16:39:20 -0400","","","web","","","","","308","","","","","","7793306239159","run-cushion-low-arch","","11","","","","","","","","","",""
"639524077935","running-insoles-v2","MERGE","Running Insoles V2","","Best Selling","ea-aklu3g","2025-10-16 16:39:20 -0400","","","web","","","","","309","","","","","","7793263345847","run-cushion-medium-arch","","11","","","","","","","","","",""
"639524077935","running-insoles-v2","MERGE","Running Insoles V2","","Best Selling","ea-aklu3g","2025-10-16 16:39:20 -0400","","","web","","","","","310","","","","","","7793263509687","run-womens-support","","11","","","","","","","","","",""
"639524077935","running-insoles-v2","MERGE","Running Insoles V2","","Best Selling","ea-aklu3g","2025-10-16 16:39:20 -0400","","","web","","","","","311","","","","","","14697799221615","run-support-low-arch-new","","11","","","","","","","","","",""
"639524077935","running-insoles-v2","MERGE","Running Insoles V2","","Best Selling","ea-aklu3g","2025-10-16 16:39:20 -0400","","","web","","","","","312","","","","","","14697814163823","run-support-high-arch-new","","11","","","","","","","","","",""
"639524077935","running-insoles-v2","MERGE","Running Insoles V2","","Best Selling","ea-aklu3g","2025-10-16 16:39:20 -0400","","","web","","","","","313","","","","","","14697813934447","run-support-medium-arch-new","","11","","","","","","","","","",""
"639524077935","running-insoles-v2","MERGE","Running Insoles V2","","Best Selling","ea-aklu3g","2025-10-16 16:39:20 -0400","","","web","","","","","314","","","","","","14797853327727","run-pacer-elite","","11","","","","","","","","","",""
"639524077935","running-insoles-v2","MERGE","Running Insoles V2","","Best Selling","ea-aklu3g","2025-10-16 16:39:20 -0400","","","web","","","","","315","","","","","","14782022615407","run-pain-relief-2-pack","","11","","","","","","","","","",""
"639524077935","running-insoles-v2","MERGE","Running Insoles V2","","Best Selling","ea-aklu3g","2025-10-16 16:39:20 -0400","","","web","","","","","316","","","","","","14703670853999","running-starter-pack","","11","","","","","","","","","",""
